	<!-- 通过maven打包duboo，生成可执行jar -->
	<build>
		<finalName>imooc-dubbo-item-service</finalName>

		<resources>
			<resource>
				<targetPath>${project.build.directory}/classes</targetPath>
				<directory>src/main/resources</directory>
				<filtering>true</filtering>
				<includes>
					<include>**/*.xml</include>
					<include>**/*.properties</include>
				</includes>
			</resource>
			<resource>
				<targetPath>${project.build.directory}/classes/META-INF/spring</targetPath>
				<directory>src/main/resources/spring</directory>
				<filtering>true</filtering>
				<includes>
					<include>spring-context.xml</include>
				</includes>
			</resource>
		</resources>

		<pluginManagement>
			<plugins>
				<plugin>
					<groupId>org.eclipse.m2e</groupId>
					<artifactId>lifecycle-mapping</artifactId>
					<version>1.0.0</version>
					<configuration>
						<lifecycleMappingMetadata>
							<pluginExecutions>
								<pluginExecution>
									<pluginExecutionFilter>
										<groupId>org.apache.maven.plugins</groupId>
										<artifactId>maven-dependency-plugin</artifactId>
										<versionRange>[2.0,)</versionRange>
										<goals>
											<goal>copy-dependencies</goal>
										</goals>
									</pluginExecutionFilter>
									<action>
										<ignore />
									</action>
								</pluginExecution>
							</pluginExecutions>
						</lifecycleMappingMetadata>
					</configuration>
				</plugin>
			</plugins>
		</pluginManagement>
		<plugins>
			<plugin>
				<groupId>org.apache.maven.plugins</groupId>
				<artifactId>maven-jar-plugin</artifactId>
				<configuration>
					<classesDirectory>target/classes/</classesDirectory>
					<archive>
						<manifest>
							<mainClass>com.alibaba.dubbo.container.Main</mainClass>
							<useUniqueVersions>false</useUniqueVersions>
							<addClasspath>true</addClasspath>
							<classpathPrefix>lib/</classpathPrefix>
						</manifest>
						<manifestEntries>
							<Class-Path>.</Class-Path>
						</manifestEntries>
					</archive>
				</configuration>
			</plugin>
			<plugin>
				<groupId>org.apache.maven.plugins</groupId>
				<artifactId>maven-dependency-plugin</artifactId>
				<executions>
					<execution>
						<id>copy-dependencies</id>
						<phase>package</phase>
						<goals>
							<goal>copy-dependencies</goal>
						</goals>
						<configuration>
							<type>jar</type>
							<includeTypes>jar</includeTypes>
							<useUniqueVersions>false</useUniqueVersions>
							<outputDirectory>
								${project.build.directory}/lib
							</outputDirectory>
						</configuration>
					</execution>
				</executions>
			</plugin>
		</plugins>
	</build>