<build>
	<resources>
		<resource>
			<directory>src/main/java</directory>
			<includes>
				<include>**/*.properties</include>
				<include>**/*.xml</include>
			</includes>
			<filtering>false</filtering>
		</resource>
		<resource>
			<directory>src/main/resources</directory>
			<includes>
				<include>**/*.properties</include>
				<include>**/*.xml</include>
				<include>**/*.ini</include>
			</includes>
			<filtering>false</filtering>
		</resource>
	</resources>
	
	<plugins>
		<plugin>
			<groupId>org.apache.tomcat.maven</groupId>
			<artifactId>tomcat7-maven-plugin</artifactId>
			<configuration>
				<port>8081</port>
				<path>/</path>
				<useBodyEncodingForURI>true</useBodyEncodingForURI>
				<uriEncoding>UTF-8</uriEncoding>
			</configuration>
		</plugin>
		
		<plugin>
			<artifactId>maven-eclipse-plugin</artifactId>
			<configuration>
				<additionalProjectnatures>
					<projectnature>org.springframework.ide.eclipse.core.springnature</projectnature>
				</additionalProjectnatures>
				<additionalBuildcommands>
					<buildcommand>org.springframework.ide.eclipse.core.springbuilder</buildcommand>
				</additionalBuildcommands>
				<downloadSources>true</downloadSources>
				<downloadJavadocs>true</downloadJavadocs>
			</configuration>
		</plugin>
	</plugins>
</build>