<?xml version="1.0" encoding="UTF-8"?>
<beans xmlns="http://www.springframework.org/schema/beans"
	xmlns:context="http://www.springframework.org/schema/context"
	xmlns:aop="http://www.springframework.org/schema/aop"
	xmlns:tx="http://www.springframework.org/schema/tx"
	xmlns:xsi="http://www.w3.org/2001/XMLSchema-instance"
	xsi:schemaLocation="http://www.springframework.org/schema/beans http://www.springframework.org/schema/beans/spring-beans-4.2.xsd
		http://www.springframework.org/schema/context http://www.springframework.org/schema/context/spring-context-4.2.xsd
		http://www.springframework.org/schema/aop http://www.springframework.org/schema/aop/spring-aop-4.2.xsd
		http://www.springframework.org/schema/tx http://www.springframework.org/schema/tx/spring-tx-4.2.xsd
		http://www.springframework.org/schema/util http://www.springframework.org/schema/util/spring-util-4.2.xsd">

	<!-- 数据库连接池 -->
	<!-- 加载配置文件 -->
	<!-- 
		由db.properties改为*.properties, 这样也会加载其他的属性文件 可以使用 @Value
		由于父子容器关系，service层（父）的属性文件在springmvc层（子）是读取不到的，子只能读取对象，属性是读取不到的
	 -->
	<context:property-placeholder location="classpath:resource/*.properties" />
	<!-- 数据库连接池 -->
	<bean id="dataSource" class="com.alibaba.druid.pool.DruidDataSource"
		destroy-method="close">
		<property name="url" value="${jdbc.url}" />
		<property name="username" value="${jdbc.username}" />
		<property name="password" value="${jdbc.password}" />
		<property name="driverClassName" value="${jdbc.driver}" />
		<!-- 最大并发连接数 -->
		<property name="maxActive" value="30" />
		<!-- 最小空闲连接数 -->
		<property name="minIdle" value="5" />
		<!-- 用于显示数据源监控中的sql语句监控 -->
		<property name="filters" value="stat" />
	</bean>
	
	<!-- 配置sqlsessionFactory -->
	<bean id="sqlSessionFactory" class="org.mybatis.spring.SqlSessionFactoryBean">
		<property name="configLocation" value="classpath:mybatis/SqlMapConfig.xml"></property>
		<property name="dataSource" ref="dataSource"></property>
	</bean>
	
	<!-- 配置扫描包，加载mapper代理对象 -->
	<bean class="org.mybatis.spring.mapper.MapperScannerConfigurer">
		<property name="basePackage" value="com.imooc.order.mapper"></property>
	</bean>

</beans>
